nato	russianukrainianwar	30
russia	usa	756
russia	russiaukrainewar	400
nato	russia	566
russiaukrainewar	usa	32
nato	usa	196
nato	russiaukrainewar	20
mariupol	ukrainerussiawar	306
covid19	ukraine	110
eu	nato	224
news	ukraine	294
freeukraine	ukraine	224
russiaukraineconflict	ukraine	104
freeukraine	russiaukraineconflict	2
kiev	kyiv	196
russia	ukraine	8438
nowar	standwithukraine	78
putin	russia	1350
india	russia	186
icj	india	2
icj	russia	88
russia	russian	528
planesforukraine	standwithukraine	174
putinswar	ukraine	118
putin	standwithukraine	164
ukrainerussiawar	ukraineunderattack	1048
ue	usa	40
eu	usa	96
europe	usa	110
russie	usa	36
eu	ue	6
europe	ue	12
russie	ue	16
russia	ue	32
eu	europe	46
eu	russie	2
eu	russia	166
europe	russie	80
europe	russia	150
russia	russie	28
stpatricksday	ukraine	290
kyiv	zelensky	86
ukrainerussiawar	zelensky	188
stopputin	stopwar	134
russia	ukraina	1024
breaking	ukraine	354
anonymous	ukraine	192
nato	ukraina	204
ukraina	ukraineunderattack	100
ukraina	ukrainerussiawar	184
putin	ukrainerussiawar	252
europe	nato	46
mariupol	ukraine	2030
mariupol	warcrimes	26
ukraine	warcrimes	206
ukraine	zelensky	1504
bitcoin	russia	64
bundestag	zelensky	1464
bundestag	ukraine	514
russia	ukrainerussiawar	1182
putinwarcriminal	russia	194
putinwarcriminal	ukrainerussiawar	150
kiev	ukraine	472
europe	ukraine	414
ukraine	ukrainerussiawar	2606
guerra	russia	102
guerra	ukraina	250
stopwar	ukrainerussiawar	42
stopputin	ukraine	578
ue	ukraine	20
standwithukraine	ukraine	1520
breaking	ukrainerussiawar	56
biden	news	16
ukraineunderattack	war	94
china	putin	42
putin	russian	628
china	russian	34
slavaukraini	standwithukraine	88
putinwarcrimes	ukraine	60
belarus	ukraine	192
belarus	russia	212
france	ukraine	138
uae	ukrainerussiawar	4
russia	uae	342
kremlin	ukraina	12
russland	ukraine	332
syrian	ukraine	8
kiev	ukraina	342
chernihiv	ukrainerussiawar	78
ukrainerussiawar	usa	104
azov	ukrainerussiawar	14
chernihiv	usa	4
azov	chernihiv	4
azov	usa	8
kyiv	ukraine	2520
moscow	ukraine	106
ukraine	usa	508
moscow	russia	152
kyiv	russia	336
kyiv	moscow	26
moscow	usa	10
kyiv	usa	1406
ukraine	us	874
kyiv	us	12
stopputin	stopthewar	54
standwithukraine	stopputin	218
standwithukraine	stopthewar	1662
refugees	ukraine	384
kyiv	ukrainewar	178
ukraine	ukrainewar	920
nato	ukrainerussiawar	154
putinwarcrimes	standwithukraine	50
putin	putinhitler	82
putin	putinwarcriminal	178
putinhitler	putinwarcriminal	96
melitopol	ukraine	244
russiaukrainewar	uae	10
russianukrainianwar	ukrainerussiawar	154
russia	russianukrainianwar	234
putin	russianukrainianwar	64
trump	zelensky	42
india	news	2
mariupol	ukraina	186
ukraina	zelensky	160
bundestag	ukraina	14
ue	ukraina	42
kiev	mariupol	126
kiev	zelensky	54
bundestag	kiev	2
kiev	ue	8
mariupol	zelensky	136
bundestag	mariupol	18
mariupol	ue	2
ue	zelensky	32
bundestag	ue	2
putin	russland	178
putin	rusia	154
news	russia	228
standwithukraine	ukrainerussiawar	226
biden	putin	894
india	ukraine	90
russian	ukraine	3078
guerra	mariupol	14
mariupol	russia	788
kharkiv	ukraina	96
putin	zelensky	884
bundestag	ukrainekrieg	26
donetsk	luhansk	10
nato	putin	402
putinwarcriminal	russianukrainianwar	70
mariupol	putinwarcriminal	66
mariupol	russianukrainianwar	50
russian	syria	20
russia	un	62
mykolaiv	ukraine	428
mykolaiv	russian	1256
putin	ukraina	816
ukrainerussiawar	war	136
anonymous	putin	154
biden	usa	178
biden	russia	182
putin	usa	104
deepfake	putin	10
deepfake	zelensky	242
breaking	uae	20
chernihiv	ukraine	468
russie	ukraine	866
deepfake	ukraine	36
eeuu	usa	38
kyiv	ukraina	124
china	russia	682
ukraine	ukraineunderattack	982
anonymous	freeukraine	32
anonymous	nowar	24
freeukraine	nowar	20
poutine	zelensky	142
poutine	ukraine	198
kiev	putin	140
kiev	russian	92
rusia	ukraina	598
putin	ukraine	1882
breaking	russian	100
russian	uae	6
nft	stopputin	12
nft	ukrainerussiawar	84
stopputin	ukrainerussiawar	102
german	russian	24
german	putin	6
actnow	tigrayfamine	728
actnow	dropfoodnotbomb	718
actnow	manmadefamine	710
actnow	allowhumanitarianaid	698
actnow	reconnecttigray	684
dropfoodnotbomb	tigrayfamine	670
manmadefamine	tigrayfamine	662
allowhumanitarianaid	tigrayfamine	650
reconnecttigray	tigrayfamine	636
dropfoodnotbomb	manmadefamine	662
allowhumanitarianaid	dropfoodnotbomb	650
dropfoodnotbomb	reconnecttigray	636
allowhumanitarianaid	manmadefamine	650
manmadefamine	reconnecttigray	636
allowhumanitarianaid	reconnecttigray	636
crypto	kremlin	6
crypto	russiaukraineconflict	10
crypto	ukraine	100
stopputinnow	ukrainerussiawar	46
stopputin	stopputinnow	68
stopputinnow	stoprussia	152
stoprussia	ukrainerussiawar	120
stopputin	stoprussia	750
eu	russland	18
china	us	266
china	nato	82
nato	us	210
germany	zelensky	60
israel	russland	2
israel	ukraine	108
standwithukraine	ukraineunderattack	230
russia	standwithukraine	264
russia	ukraineunderattack	476
ukraine	war	828
stopwarinukraine	ukraine	130
stopputin	ukraineunderattack	58
stopputin	stopwarinukraine	24
kyiv	stopputin	74
mariupol	stopputin	236
stopwarinukraine	ukraineunderattack	22
kyiv	ukraineunderattack	56
mariupol	ukraineunderattack	118
kyiv	stopwarinukraine	12
mariupol	stopwarinukraine	12
kyiv	mariupol	336
ukraina	usa	98
kiev	russia	298
mariupol	usa	66
kiev	usa	60
german	ukraine	426
bundestag	eu	2
eu	ukraine	298
nestle	ukraine	214
biden	lavrov	2
supportukraine	ukraine	136
kremlin	usa	6
crypto	usa	4
nato	ukraine	1198
ukraine	ukrainian	534
russian	ukrainerussiawar	232
europe	ukrainerussiawar	24
ukrainerussiawar	ukrainian	158
russia	ukrainian	386
russian	usa	66
nato	russian	54
europe	russian	84
russian	ukrainian	570
ukrainian	usa	100
nato	ukrainian	42
europe	ukrainian	20
moldova	ukraine	1642
putinwarcriminal	ukraine	298
russianukrainianwar	ukraine	200
donbass	russian	18
uae	ukraine	20
ukraina	ukraine	632
ukraina	ukrainewar	106
russia	ukrainewar	382
putin	ukrainewar	142
russia	russiaukraineconflict	76
mariupol	stoprussia	252
russia	war	496
russie	zelensky	86
putinwarcrimes	russianukrainianwar	8
russianukrainianwar	standwithukraine	160
russianukrainianwar	stopwar	12
putinwarcrimes	stopwar	8
standwithukraine	stopwar	1602
biden	kremlin	30
kremlin	putin	366
kharkiv	warinukraine	6
kharkiv	war	34
war	warinukraine	38
stopputinnow	stopwar	42
kherson	russian	298
breaking	kremlin	26
kharkiv	putin	28
russie	ukrainerussiawar	22
russie	ukraina	22
france	russie	32
peace	russia	44
israel	russia	48
peace	ukraine	236
israel	peace	2
donbass	donetsk	46
donetsk	russia	48
donetsk	ukraine	86
donetsk	europe	2
donetsk	usa	2
donetsk	putin	8
donetsk	nato	10
donbass	russia	352
donbass	ukraine	322
donbass	europe	2
donbass	usa	2
donbass	putin	36
donbass	nato	14
europe	putin	16
putinwarcriminal	zelensky	34
putinswar	ukrainecrisis	2
nestle	russia	216
russian	zakharova	6
tigray	ukraine	156
india	israel	2
india	russian	18
israel	russian	10
ukraineunderattack	ukrainian	80
putinwarcriminal	usa	12
kyiv	stoprussia	50
stoprussia	ukraineunderattack	100
kharkiv	russia	108
kharkiv	ukraine	524
bitcoin	crypto	208
crypto	russia	66
putinwarcriminal	standwithukraine	194
nato	un	148
poland	ukraine	226
russia	zakharova	68
europe	ukraineunderattack	8
closetheskyoverukraine	stopputinnow	16
chernihiv	mariupol	2
chernihiv	putinwarcriminal	4
biden	warcrimes	32
putin	warcrimes	126
china	ukraineunderattack	4
eu	ukrainerussiawar	12
moldova	refugees	2
putinwarcriminal	stopputin	50
poland	russia	98
israel	poland	2
kherson	war	16
kherson	russia	78
russian	uk	20
ukraina	ukrainian	60
ukrainewar	ukrainian	60
kiev	standwithukraine	14
nowar	ukraina	64
nowar	ukraine	168
biden	trump	42
marioupol	ukrainerussiawar	16
firefighters	ukraine	1080
firefighters	kyiv	1074
mariupol	ukrainian	286
russiainvadedukraine	ukraine	142
ireland	stpatricksday	2138
ukrainecrisis	ukrainerussiawar	28
russiaukraineconflict	ukrainerussiawar	56
russia	ukrainecrisis	154
russiaukraineconflict	ukrainecrisis	6
russian	stoprussia	44
foxnews	russia	16
putinswar	russia	68
foxnews	ukraine	40
foxnews	putinswar	2
kyiv	russian	434
abbvie	ukraine	544
botox	ukraine	542
abbvie	botox	546
us	zelensky	328
bundestag	us	290
china	ukraine	546
kharkiv	mariupol	292
lviv	mariupol	104
closetheskyoverukraine	mariupol	308
mariupol	standwithukraine	464
freeukraine	mariupol	106
mariupol	stopthewar	104
kharkiv	kyiv	356
kyiv	lviv	124
closetheskyoverukraine	kyiv	102
kyiv	standwithukraine	1728
freeukraine	kyiv	1508
kyiv	stopthewar	1510
kharkiv	lviv	106
closetheskyoverukraine	kharkiv	98
kharkiv	standwithukraine	398
freeukraine	kharkiv	100
kharkiv	stopthewar	98
closetheskyoverukraine	lviv	98
lviv	standwithukraine	98
freeukraine	lviv	98
lviv	ukraine	286
lviv	stopthewar	98
closetheskyoverukraine	standwithukraine	292
closetheskyoverukraine	freeukraine	106
closetheskyoverukraine	ukraine	402
closetheskyoverukraine	stopthewar	100
freeukraine	standwithukraine	1624
freeukraine	stopthewar	1598
stopthewar	ukraine	278
russie	ukrainewar	62
russie	ukraineunderattack	76
ukraineunderattack	ukrainewar	376
cryptocurrency	ukrainian	284
russian	sbu	672
russiaukrainewar	zelensky	262
ukraina	war	160
russianarmy	ukrainian	30
macron	zelensky	128
kherson	ukrainian	914
ukraine	ukrainecrisis	82
kyiv	ukrainecrisis	20
mariupol	russian	280
azov	nato	46
mariupol	nato	42
azov	mariupol	356
kherson	ukraine	696
ukraineinvasion	ukrainerussiawar	108
ukraineinvasion	ukraineunderattack	104
azov	marioupol	20
azov	russian	106
azov	ukrainewar	14
azov	ukraineunderattack	12
russian	ukrainewar	112
russian	ukraineunderattack	142
ukrainerussiawar	ukrainewar	652
russia	us	486
breaking	ukrainian	24
ukrainewar	zelensky	70
putinswar	zelensky	16
putin	putinswar	80
putinswar	ukrainewar	12
stopthewar	ukrainerussiawar	70
stoprussia	ukraine	668
nft	stopthewar	4
stopputin	warcrimes	30
macron	ukraine	262
azov	ukrainian	188
ukrainecrisis	us	4
slavaukraini	ukraine	74
russian	syrian	76
mariupol	syrian	68
azov	syrian	66
moscow	ukrainerussiawar	138
donbass	ukraina	40
marioupol	ukraine	320
russiainvadedukraine	ukraineunderattack	28
afp	ukraine	116
sumy	ukraine	336
german	sumy	92
mykolaiv	russiainvadedukraine	58
mykolaiv	standwithukraine	228
russiainvadedukraine	russian	50
russian	standwithukraine	228
russiainvadedukraine	standwithukraine	132
icj	ukraine	54
biden	ukraine	384
deepfake	russia	230
russia	zelensky	432
crypto	cryptocurrency	154
kremlin	ukrainian	164
putin	ukrainian	868
kyiv	ukrainian	40
kiev	rusia	100
peace	war	82
stopputin	war	100
peace	ukraina	86
stopputin	ukraina	100
peace	stopputin	80
russia	uk	132
uk	ukraine	332
uk	ukraina	10
ukraine	update	72
update	zelensky	104
bundestag	update	2
odessa	ukrainian	52
mariupol	russland	40
mariupol	putin	132
luhansk	war	8
luhansk	ukraine	110
luhansk	ukrainerussiawar	68
russian	russianukrainianwar	250
russian	russiaukrainewar	140
russianukrainianwar	ukrainewar	54
russiaukrainewar	ukrainewar	152
russianukrainianwar	russiaukrainewar	26
russiaukrainewar	ukrainerussiawar	342
biden	poutine	102
lavrov	poutine	2
lavrov	ukraine	18
putinisawarcriminal	standwithukraine	490
news	ukrainerussiawar	168
biden	zelensky	130
biden	macron	32
donetsk	russian	26
russland	stopthewar	10
luhansk	melitopol	186
odessa	ukraine	290
odessa	russian	26
russiaukrainewar	ukraine	498
kiev	russie	112
azov	ukraine	138
azov	russia	32
azov	putin	6
azov	foxnews	2
foxnews	putin	144
polish	ukrainian	18
mykolaiv	russianarmy	6
kyiv	stopwar	1420
stopwar	ukraine	320
stoprussia	ukraina	58
kiev	stoprussia	32
stoprussia	stopwar	82
kiev	stopputin	20
stopwar	ukraina	54
kiev	stopwar	30
russian	us	270
standwithukraine	stoprussianaggression	88
bitcoin	ukraine	134
moscow	us	22
nato	ukraineunderattack	54
france	usa	62
macron	usa	4
biden	france	2
france	macron	52
nato	peace	8
kharkiv	russian	348
moldova	romania	14
romania	ukrainian	12
moldova	ukrainian	18
donetsk	ukrainian	48
mariupol	ukrainewar	112
guerra	ukrainewar	6
marioupol	russie	90
armsexport	coarm	366
johnsonout52	putinwarcriminal	2
johnsonout52	putin	2
johnsonout52	ukraineunderattack	2
johnsonout52	ukrainerussiawar	4
putinwarcriminal	ukraineunderattack	88
putin	ukraineunderattack	100
azov	ukraina	18
closetheskyoverukraine	russianukrainianwar	4
bundestag	usa	18
germany	russia	336
closetheskyoverukraine	ukraineunderattack	8
goprussianassets	tbt	46
belarus	ukrainian	8
belarus	belarusian	26
belarus	putin	52
belarusian	putin	6
syria	ukrainewar	8
syria	ukrainerussiawar	8
stoprussia	syria	4
stoprussia	ukrainewar	70
freeukraine	weareallukrainians	1502
freeukraine	stopwar	1498
freeukraine	supportukraine	86
standwithukraine	weareallukrainians	1502
stopthewar	weareallukrainians	1496
stopwar	weareallukrainians	1488
ukraine	weareallukrainians	94
supportukraine	weareallukrainians	82
standwithukraine	supportukraine	124
stopthewar	stopwar	1524
stopthewar	supportukraine	82
stopwar	supportukraine	90
russiaukrainewar	stoprussia	48
nato	ukrainecrisis	118
putin	ukrainecrisis	124
mariupol	putinswar	12
nato	polish	4
poland	ukrainian	12
ukraineinvasion	ukrainewar	26
russianarmy	ukraine	124
rusia	usa	40
eeuu	rusia	150
eeuu	russia	36
rusia	russia	108
nft	russia	12
nft	russiaukrainewar	2
russia	stoprussia	104
bitcoin	btc	34
ukraine	uzbekistan	104
standwithukraine	war	40
kyiv	war	66
nato	ukrainewar	48
eu	ukrainewar	12
kharkiv	rusia	46
putinswar	russian	56
putinswar	standwithukraine	68
putinswar	russianukrainianwar	34
guerra	kharkiv	16
anonymous	russia	138
nowar	russia	36
un	us	114
kyiv	russiaukrainewar	62
nato	ukrainekrieg	44
guerra	rusia	96
donetsk	ukraina	10
azov	donbass	8
azov	donetsk	8
kiev	ukrainian	24
kiev	nato	22
dimaio	ukraina	278
germany	ukraine	118
standwithukraine	zelensky	70
ukraine	warinukraine	92
standwithukraine	warinukraine	16
romania	uk	44
breaking	russia	196
kremlin	russia	114
kremlin	ukraine	90
belarusian	russia	10
poland	polish	10
russia	russland	32
donbass	mariupol	24
belarus	ukrainewar	12
poland	russian	24
kiev	ukrainerussiawar	88
poutine	usa	18
china	icj	4
nft	ukraine	180
ukraine	zakharova	14
giveaway	nft	1272
kiev	ukrainewar	50
moscow	ukraineinvasion	2
ido	whitelist	990
ido	nft	1804
nft	whitelist	986
standwithukraine	stpatricksday	118
flagnetwork	ido	822
cryptocurrency	flagnetwork	814
bitcoin	flagnetwork	812
flagnetwork	nft	804
cryptocurrency	ido	828
bitcoin	ido	828
bitcoin	cryptocurrency	910
cryptocurrency	nft	814
bitcoin	nft	818
france	russia	70
german	russia	14
france	nato	10
german	nato	312
france	german	4
stpatricksday	ukrainerussiawar	14
standwithukraine	stoprussia	518
stoprussianaggression	ukraine	38
russiaukrainewar	stoprussianaggression	10
russianukrainianwar	stoprussia	22
russianukrainianwar	stoprussianaggression	6
stoprussia	stoprussianaggression	42
slavaukraini	ukrainerussiawar	60
mariupol	war	32
goprussianassets	ukrainerussiawar	4
stopputin	ukrainewar	44
stopputin	zelensky	66
slavaukraini	stoprussia	14
german	germany	14
german	standwithukraine	2
germany	standwithukraine	4
putin	stopputin	56
russland	stopputin	6
stopputinnow	ukraine	98
guerra	putin	48
putinwarcriminal	ukraina	22
putinhitler	ukraine	236
putinhitler	standwithukraine	348
putinhitler	ukrainerussiawar	32
putin	stoprussia	36
putinhitler	stoprussia	16
moscow	standwithukraine	8
anonymous	supportukraine	4
dimaio	ukrainerussiawar	6
dimaio	ue	2
ue	ukrainerussiawar	2
ukraine	ukrainekrieg	144
istandwithukraine	ukraine	76
ukrainekrieg	ukrainewar	62
ukrainekrieg	ukrainerussiawar	58
istandwithukraine	ukrainekrieg	36
istandwithukraine	ukrainewar	40
istandwithukraine	ukrainerussiawar	56
closeuaskynow	stoprussianaggression	2
closetheskyoverukraine	stoprussia	530
closetheskyoverukraine	russiaukrainewar	2
foxnews	morningjoe	2
morningjoe	zelensky	4
foxnews	zelensky	6
china	india	88
putinwarcriminal	stoprussia	136
stoprussia	stopwarinukraine	128
putinwarcriminal	stopwarinukraine	104
standwithukraine	stopwarinukraine	100
deepfake	standwithukraine	4
putinhitler	stopputin	24
putinwarcrimes	putinwarcriminal	54
nowar	stopputinnow	54
nowar	weareallukrainians	2
standwithukraine	stopputinnow	138
stopputinnow	weareallukrainians	6
freeukraine	stopputinnow	8
nato	zelensky	146
biden	uk	6
putin	uk	24
foxnews	kiev	6
kyiv	putin	114
foxnews	kyiv	4
russian	sumy	8
mariupol	sumy	176
kyiv	ukrainerussiawar	128
sumy	ukrainerussiawar	60
russia	sumy	6
kyiv	sumy	178
us	usa	22
eu	us	58
eeuu	putin	34
ukrainerussiawar	zakharova	2
putin	zakharova	2
putinwarcriminal	zakharova	2
putinswar	putinwarcriminal	66
nowar	putinwarcriminal	16
nowar	putinswar	2
putin	syria	66
ireland	ukraine	104
eeuu	ukraina	64
germany	putin	22
nato	ue	26
nowar	stoprussia	36
nowar	ukrainewar	24
stopputinnow	ukrainewar	30
france	germany	76
odesa	ukraine	248
odesa	ukrainewar	4
belarusian	russian	30
covid19	zelensky	72
johnsonout52	putinwarcrimes	10
johnsonout52	slavaukraini	26
putinwarcrimes	slavaukraini	10
myanmar	us	38
myanmar	russia	48
guerra	zelensky	16
peace	standwithukraine	50
standwithukraine	sumy	172
odesa	standwithukraine	172
melitopol	standwithukraine	172
kharkiv	sumy	174
kharkiv	odesa	178
kharkiv	melitopol	174
kharkiv	mykolaiv	172
kyiv	odesa	178
kyiv	melitopol	180
kyiv	mykolaiv	172
mariupol	odesa	178
mariupol	melitopol	172
mariupol	mykolaiv	172
odesa	sumy	172
melitopol	sumy	172
mykolaiv	sumy	172
melitopol	odesa	172
mykolaiv	odesa	172
melitopol	mykolaiv	172
standwithukraine	ukrainian	40
putin	trump	160
russia	syria	108
eu	moldova	18
tigrayfamine	tigraygenocide	1369
istandwithukraine	stopwar	2
istandwithukraine	stopputin	6
cryptocurrency	ukrainewar	14
putinwarcriminal	ukrainian	10
tigrayfamine	un	22
moscow	stopwarinukraine	2
russia	russiainvadedukraine	70
icj	russiaukrainewar	6
putinwarcriminal	ukrainewar	32
istandwithukraine	russia	20
istandwithukraine	putin	10
freeukraine	russia	28
freeukraine	war	6
ukrainian	war	18
freeukraine	ukrainerussiawar	26
freeukraine	ukrainian	18
freeukraine	ukraineunderattack	26
rusia	zelensky	12
breaking	kyiv	14
breaking	ukrainewar	24
russianukrainianwar	uae	2
ukraine	ukraineinvasion	84
china	russiaukrainewar	8
peace	ukrainerussiawar	18
nowar	peace	66
ukrainecrisis	ukrainian	18
russiaukrainewar	ukrainian	44
kiev	russiaukrainewar	42
russian	ukraina	70
russianukrainianwar	ukraina	30
breaking	ukraina	24
breaking	russianukrainianwar	6
refugees	romania	14
refugees	ukrainerussiawar	18
romania	ukrainerussiawar	32
chernihiv	donbass	4
europe	kyiv	22
closetheskyoverukraine	putinwarcriminal	16
ukrainerussiawar	warcrimes	74
nato	war	52
stopwarinukraine	ukrainerussiawar	16
biden	nato	74
ukrainekrieg	zelensky	40
mykolaiv	war	4
mykolaiv	ukrainerussiawar	68
boycottnestle	warinukraine	36
putin	stopwar	24
kherson	ukrainerussiawar	14
syria	ukraine	88
odessa	russia	76
kyiv	odessa	78
kharkiv	odessa	54
biden	ukrainerussiawar	88
nowar	putinwarcrimes	2
biden	us	46
istandwithukraine	zelensky	58
nft	ukrainian	6
putin	ukrainekrieg	54
anonymous	stopputinnow	8
russia	stopputinnow	26
nato	stopputin	52
kyiv	nato	62
putinswar	putinwarcrimes	22
biden	stoprussia	4
biden	stopputin	2
nestle	ukrainerussiawar	24
kherson	standwithukraine	12
kherson	warinukraine	4
guerra	ukrainerussiawar	8
freeukraine	putin	10
minsk	ukrainekrieg	10
russie	ukrainian	2
russia	stopputin	72
poland	standwithukraine	26
polish	standwithukraine	2
poland	putin	4
polish	putin	2
ukrainian	zelensky	134
nato	russland	22
closetheskyoverukraine	russia	14
closetheskyoverukraine	stopputin	384
putin	stopputinnow	16
putin	putinisawarcriminal	64
putinisawarcriminal	warcrimes	12
putinisawarcriminal	ukrainewar	28
ukrainewar	warcrimes	18
ukrainekrieg	usa	14
russland	ukrainekrieg	44
russland	usa	14
kiev	lviv	64
bitcoin	ukrainerussiawar	66
istandwithukraine	standwithukraine	14
crypto	zelensky	20
ukrainecrisis	zelensky	6
putinswar	ukrainerussiawar	36
china	ukrainerussiawar	24
stopputin	stoprussianaggression	190
eu	refugees	24
putinisawarcriminal	trump	10
peace	stpatricksday	8
freeukraine	stopwarinukraine	4
freeukraine	stopputin	16
ukrainewar	usa	24
istandwithukraine	putinwarcrimes	10
bundestag	nato	4
bundestag	russland	18
russia	stopwar	68
nowar	stopwar	42
stopputinnow	ukraineunderattack	46
kremlin	russie	10
breaking	warinukraine	4
russia	warinukraine	56
poland	war	10
donbass	kiev	22
kiev	news	10
nato	uk	58
moscow	nato	10
uk	usa	78
uk	ukrainian	12
moscow	uk	10
moscow	russian	38
moscow	ukrainian	12
news	war	14
russian	ukraineinvasion	12
biden	ue	24
eu	russian	16
eu	uk	84
israel	russiaukrainewar	80
mariupol	russiaukrainewar	18
covid19	ukrainerussiawar	38
covid19	war	6
nato	poland	54
israel	ukraina	28
israel	nato	12
azov	israel	8
btc	crypto	56
biden	putinisawarcriminal	10
russianukrainianwar	ukraineunderattack	48
russianukrainianwar	russiaukraineconflict	14
russiaukraineconflict	ukraineunderattack	12
putinwarcriminal	russian	44
mariupol	stoprussianaggression	2
breaking	mariupol	52
ukrainewar	zakharova	2
europe	nowar	4
crypto	news	2
btc	news	2
romania	ukraine	198
germany	usa	272
ireland	usa	40
romania	usa	30
germany	ireland	36
eu	germany	48
germany	uk	40
europe	germany	60
germany	romania	30
eu	ireland	38
ireland	uk	40
europe	ireland	36
ireland	romania	30
france	ireland	32
ireland	russia	40
eu	romania	32
eu	france	38
europe	uk	36
france	uk	38
europe	romania	30
europe	france	48
france	romania	30
romania	russia	52
putinisawarcriminal	russian	14
russia	ukrainekrieg	12
ukrainekrieg	ukraineunderattack	18
moscow	putin	30
putin	us	34
kremlin	un	16
kiev	poutine	12
poutine	russie	126
stoprussianaggression	stopwar	38
stoprussianaggression	stopwarinukraine	8
stopwar	stopwarinukraine	20
putinhitler	usa	4
biden	stpatricksday	4
news	usa	22
russia	russianarmy	70
donbass	russie	16
us	war	36
biden	war	30
eu	ukraina	16
kyiv	russianarmy	24
russian	russianarmy	146
uk	us	64
poland	usa	42
kiev	odessa	20
usa	warcrimes	14
nato	warcrimes	14
poland	ukrainerussiawar	54
war	zelensky	28
warinukraine	zelensky	18
azov	kiev	12
lviv	ukrainian	8
ukrainewar	war	58
news	ukraineunderattack	8
news	ukrainewar	12
kyiv	rusia	66
biden	russie	12
poutine	ue	10
usa	zelensky	56
russia	ukraineinvasion	30
btc	zelensky	6
anonymous	breaking	18
donetsk	mariupol	54
putin	putinwarcrimes	56
ukraine	un	98
putin	stoprussianaggression	10
putinhitler	stoprussianaggression	12
stopwar	ukrainewar	16
stopwarinukraine	ukrainewar	8
kyiv	poland	6
eu	putin	46
trump	warcrimes	18
trump	ukraine	86
slavaukraini	ukrainewar	40
slavaukraini	stopputin	26
lavrov	zakharova	8
moldova	russia	26
europe	moldova	4
putin	russiaukrainewar	102
russiaukrainewar	ukrainecrisis	2
china	war	26
freeukraine	ukraina	6
freeukraine	zelensky	8
bitcoin	zelensky	18
stoprussia	zelensky	18
bitcoin	stoprussia	2
russian	war	30
biden	ukraina	76
chernihiv	russian	44
russianarmy	ukrainerussiawar	34
russiaukraineconflict	ukrainewar	36
breaking	us	30
biden	ukrainewar	48
biden	russiaukrainewar	22
nowar	stopputin	38
stoprussia	stopthewar	40
stoprussia	ukrainian	4
btc	stoprussia	2
stopwar	ukrainian	18
btc	stopwar	2
stopthewar	ukrainian	4
russia	stopthewar	42
btc	stopthewar	2
btc	ukrainian	2
btc	russia	12
putinisawarcriminal	putinwarcriminal	44
cryptocurrency	ukraine	46
cryptocurrency	zelensky	2
chernihiv	putin	10
belarus	news	6
russiainvadedukraine	stopthewar	12
nato	stopthewar	18
nato	russiainvadedukraine	10
rusia	russie	20
ukrainecrisis	ukrainewar	48
slovakia	ukraine	92
guerra	ukraine	12
kyiv	russianukrainianwar	12
refugees	ukrainian	30
news	putin	22
putin	warinukraine	24
biden	putinswar	18
btc	ukraine	24
russian	zelensky	38
stopputin	usa	10
russia	update	30
poland	update	2
russiaukrainewar	war	32
russiaukrainewar	ukraineunderattack	180
russiaukrainewar	stopputin	16
warcrimes	zelensky	16
stopputinnow	zelensky	16
stopputinnow	warcrimes	2
bitcoin	putin	16
botox	russia	6
abbvie	russia	4
belarus	standwithukraine	32
belarus	kyiv	40
anonymous	putinwarcriminal	2
odesa	russia	6
odesa	odessa	12
putinwarcriminal	russiaukrainewar	12
putinisawarcriminal	stoprussia	112
nestle	stopwar	14
nato	stopputinnow	8
putin	stopthewar	14
stopputin	ukrainekrieg	8
stoprussia	ukrainekrieg	2
putinswar	uk	2
putinswar	usa	6
nato	putinswar	12
eu	putinswar	4
anonymous	stopwar	4
israel	ukrainerussiawar	6
uk	ukrainerussiawar	20
eu	israel	2
israel	uk	2
putinwarcrimes	stopputinnow	16
putinisawarcriminal	putinswar	40
putinisawarcriminal	putinwarcrimes	40
putinwarcriminal	stopwar	20
moscow	stpatricksday	4
foxnews	russiaukrainewar	6
eu	un	32
stopputin	warinukraine	26
stoprussia	warinukraine	42
putinwarcriminal	stoprussianaggression	12
mariupol	nowar	12
freeukraine	stoprussia	4
stopputinnow	stopwarinukraine	26
bundestag	putin	60
russiaukraineconflict	uae	2
uae	us	4
russiaukraineconflict	us	6
anonymous	ukraina	4
putinisawarcriminal	slavaukraini	14
germany	russian	16
stopputinnow	stopthewar	24
eeuu	moscow	2
afp	breaking	6
afp	kremlin	2
afp	russia	8
mariupol	syria	8
syria	ukraineunderattack	20
biden	russian	18
kharkiv	russianarmy	120
kharkiv	stoprussianaggression	4
kharkiv	russianukrainianwar	118
freeukraine	russianarmy	4
russianarmy	stoprussianaggression	6
russianarmy	russianukrainianwar	122
freeukraine	stoprussianaggression	4
freeukraine	russianukrainianwar	2
foxnews	russian	6
putinwarcriminal	stopputinnow	32
tigraygenocide	ukraine	8
kremlin	poutine	4
johnsonout52	supportukraine	18
kiev	war	34
putin	war	112
tigray	ukrainerussiawar	8
nowar	ukraineunderattack	14
kherson	news	8
russia	warcrimes	52
ukrainian	warinukraine	10
ukraineunderattack	warinukraine	46
russianarmy	standwithukraine	142
nowar	russianarmy	6
nowar	russian	10
kherson	kremlin	8
eeuu	guerra	8
russian	stopputin	34
stopwar	war	28
stopwar	zelensky	26
stopwar	warinukraine	14
ukrainecrisis	ukraineunderattack	28
closetheskyoverukraine	nato	40
russiaukrainewar	ukraina	46
russiaukraineconflict	ukrainian	20
mariupol	putinisawarcriminal	6
kiev	putinisawarcriminal	4
stopthewar	stopwarinukraine	6
nowar	putin	10
stopthewar	ukrainewar	6
russian	stopthewar	16
kharkiv	warcrimes	4
warcrimes	warinukraine	28
ukraineunderattack	zelensky	64
china	ukrainewar	16
breaking	germany	4
ukraineunderattack	usa	34
biden	ukraineunderattack	16
lavrov	putin	56
slavaukraini	zelensky	10
eu	ukraineinvasion	8
ukrainian	us	8
bundestag	kyiv	2
putinhitler	russia	26
nato	stopwar	18
peace	stopwar	28
mariupol	stopputinnow	10
anonymous	putinswar	6
russiaukrainewar	ukraineinvasion	8
moscow	nft	4
biden	putinwarcriminal	22
eu	ukrainekrieg	2
belarus	ukrainerussiawar	16
istandwithukraine	ukraineunderattack	16
belarus	ukraineunderattack	8
belarus	istandwithukraine	2
freeukraine	istandwithukraine	4
biden	istandwithukraine	2
istandwithukraine	nato	2
belarus	freeukraine	6
belarus	biden	6
belarus	nato	34
biden	freeukraine	2
freeukraine	nato	2
russland	zelensky	40
deepfake	ukrainian	6
german	zelensky	20
europe	warinukraine	2
china	standwithukraine	6
closetheskyoverukraine	russiaukraineconflict	4
closetheskyoverukraine	ukrainerussiawar	12
russiaukraineconflict	stoprussia	6
kremlin	marioupol	2
kremlin	ukrainerussiawar	4
lviv	russia	56
nato	standwithukraine	14
nato	syria	8
mariupol	ukrainecrisis	2
biden	mariupol	16
biden	ukrainecrisis	4
ukrainecrisis	usa	6
standwithukraine	ukrainecrisis	8
syria	ukrainecrisis	2
biden	standwithukraine	4
biden	syria	2
standwithukraine	usa	1414
syria	usa	12
standwithukraine	syria	10
sudradio	ukraine	278
putinisawarcriminal	ukrainian	6
putinisawarcriminal	ukraineunderattack	56
putinisawarcriminal	ukrainerussiawar	24
putinisawarcriminal	russia	56
putinisawarcriminal	usa	2
nato	stoprussia	50
breaking	ukraineunderattack	16
poland	refugees	18
europe	stopputin	176
anonymous	kiev	6
russiainvadedukraine	warinukraine	2
guerra	war	6
india	ukrainerussiawar	20
refugees	russiaukraineconflict	4
romania	russiaukraineconflict	4
lavrov	russia	44
icj	ukrainerussiawar	8
belarus	russianukrainianwar	2
azov	poutine	6
azov	russie	4
mariupol	putinhitler	2
support	usa	1406
gb	support	1406
freeukraine	support	1404
support	weareallukrainians	1404
standwithukraine	support	1404
stopthewar	support	1404
stopwar	support	1404
gb	usa	1406
freeukraine	usa	1404
usa	weareallukrainians	1404
stopthewar	usa	1404
stopwar	usa	1408
freeukraine	gb	1404
gb	weareallukrainians	1404
gb	standwithukraine	1404
gb	stopthewar	1404
gb	stopwar	1404
uk	ukraineinvasion	4
nftart	ukraine	8
support	ukraine	30
putin	russianarmy	24
india	russianukrainianwar	6
russianukrainianwar	un	2
india	un	2
kyiv	update	2
kharkiv	ukrainerussiawar	52
covid19	putin	24
covid19	ukraina	8
covid19	rusia	6
covid19	kiev	6
mariupol	ukrainekrieg	24
anonymous	russian	30
nftcollection	ukraine	20
nft	nftcollection	958
europe	kiev	60
donetsk	uzbekistan	2
luhansk	uzbekistan	2
peace	putin	16
ukrainerussiawar	warinukraine	32
russiaukrainewar	warinukraine	10
russian	warinukraine	18
mariupol	stopwar	8
lavrov	moscow	22
nftcollection	whitelist	4
breaking	france	10
france	ukrainewar	4
putinswar	stopwar	6
biden	ukrainekrieg	12
syria	syrian	6
anonymous	mariupol	14
russia	tigray	2
china	uae	2
chernihiv	russia	16
myanmar	ukraine	8
stopthewar	war	14
stpatricksday	zelensky	4
nft	ukraineunderattack	30
nft	stopputinnow	8
dimaio	putin	282
breaking	zelensky	14
belarus	russland	22
putin	un	4
anonymous	russiaukraineconflict	14
kyiv	support	1396
gb	kyiv	1396
kyiv	weareallukrainians	1410
stopputin	ukrainian	16
standwithukraine	us	10
nft	nftart	796
india	ukrainewar	2
eu	stopputin	8
putin	ukraineinvasion	42
moscow	uae	8
nowar	stpatricksday	2
stpatricksday	ukraineunderattack	16
ukrainerussiawar	un	6
belarus	stopputinnow	16
belarus	stopputin	14
belarus	stoprussia	16
mariupol	stpatricksday	6
stopputinnow	ukrainian	2
poutine	ukraineunderattack	4
eu	mariupol	2
eu	ukraineunderattack	6
eu	standwithukraine	90
russie	ukrainecrisis	2
poutine	ukrainerussiawar	8
luhansk	refugees	2
refugees	war	30
israel	us	4
anonymous	standwithukraine	30
nestle	ukraineinvasion	4
boycottnestle	ukraineinvasion	4
ukraineinvasion	usa	4
nestle	ukrainewar	6
boycottnestle	ukrainewar	130
nestle	ukraineunderattack	20
boycottnestle	ukraineunderattack	12
boycottnestle	nestle	56
nestle	usa	6
boycottnestle	ukrainerussiawar	18
boycottnestle	usa	4
stopputin	weareallukrainians	2
stopputin	supportukraine	10
stopputinnow	supportukraine	8
russiaukrainewar	slavaukraini	6
rusia	ukrainerussiawar	24
russiainvadedukraine	stoprussianaggression	6
standwithukraine	ukraineinvasion	6
rusia	ukraine	64
biden	kyiv	6
europe	ukraineinvasion	2
europe	ukrainewar	8
europe	nestle	4
boycottnestle	europe	2
slavaukraini	stopthewar	6
slavaukraini	stopputinnow	4
istandwithukraine	stoprussia	30
stoprussia	war	12
macron	russia	8
kiev	stopwarinukraine	14
putinisawarcriminal	warinukraine	14
ukrainewar	warinukraine	38
putinisawarcriminal	stopputin	32
macron	ukrainerussiawar	6
kyiv	warinukraine	10
odessa	ukraineunderattack	8
odessa	standwithukraine	10
odessa	warinukraine	2
belarus	odessa	8
belarus	warinukraine	4
belarus	putinwarcriminal	8
belarus	russian	44
putin	support	20
russiaukrainewar	support	20
kiev	us	16
lavrov	us	12
kiev	lavrov	12
closetheskyoverukraine	europe	232
peace	stoprussia	10
kharkiv	ukrainewar	18
putinhitler	ukrainewar	12
marioupol	mariupol	6
putinhitler	ukraina	24
mariupol	slavaukraini	2
kyiv	slavaukraini	10
putinhitler	putinswar	48
standwithukraine	ukrainekrieg	8
putinwarcrimes	stopputin	24
news	uk	8
putinwarcrimes	ukrainerussiawar	32
biden	warinukraine	8
stopputin	trump	2
stoprussia	trump	2
peace	ukrainewar	6
istandwithukraine	putinwarcriminal	20
icj	mariupol	2
crypto	nft	22
rusia	russianukrainianwar	4
standwithukraine	warcrimes	48
russiaukraineconflict	russiaukrainewar	22
donbass	poutine	4
azov	putinhitler	2
putinhitler	ukraineunderattack	12
news	zelensky	8
nato	nft	8
bundestag	stopputinnow	2
bundestag	standwithukraine	10
belarusian	putinisawarcriminal	2
donbass	odessa	2
odessa	ukraina	64
europe	stoprussia	168
moldova	stopputin	2
putinwarcriminal	slavaukraini	28
nft	slavaukraini	6
nft	stoprussia	8
nft	putinwarcriminal	10
guerra	kiev	28
lviv	odessa	22
mykolaiv	update	6
france	poutine	10
russian	warcrimes	26
breaking	russiaukraineconflict	4
botox	putinswar	2
nft	stopwar	4
covid19	russia	42
covid19	russian	4
putinhitler	russian	142
putinhitler	russianukrainianwar	124
odessa	zelensky	12
mariupol	odessa	18
bundestag	odessa	2
odessa	russland	2
donbass	ukrainewar	22
covid19	russie	26
luhansk	russie	2
donbass	luhansk	6
kharkiv	nato	10
kharkiv	zelensky	8
lviv	odesa	4
lviv	putin	10
lviv	nato	4
lviv	zelensky	2
odesa	putin	8
nato	odesa	4
odesa	zelensky	2
standwithukraine	ukrainewar	204
stopputinnow	warinukraine	8
nato	warinukraine	26
azov	russiaukrainewar	6
odessa	rusia	44
kyiv	polish	2
poland	uk	72
ukrainian	warcrimes	4
donetsk	ukrainewar	38
supportukraine	ukraineunderattack	8
supportukraine	ukrainerussiawar	8
supportukraine	ukrainian	2
peace	supportukraine	2
peace	ukraineunderattack	8
peace	ukrainian	8
ukrainewar	un	4
eu	kyiv	4
un	usa	8
kyiv	un	4
guerra	kyiv	20
russianukrainianwar	usa	16
russia	trump	42
trump	ukrainewar	4
putinisawarcriminal	ukraine	52
lavrov	russian	4
istandwithukraine	ukraina	2
moscow	russiaukrainewar	4
nowar	stoprussianaggression	20
putin	ue	20
ue	uk	2
ukrainewar	us	14
russianukrainianwar	ukrainian	8
macron	putin	12
standwithukraine	ukraina	56
slavaukraini	ukraineunderattack	50
nato	nowar	2
kherson	putin	16
refugees	russia	30
cryptocurrency	india	4
cryptocurrency	russia	44
russianarmy	russiaukrainewar	16
mariupol	warinukraine	30
kyiv	putinswar	2
nft	refugees	2
syrian	ukrainewar	2
luhansk	russian	4
germany	poland	36
belarus	us	26
breaking	china	58
france	putin	4
donbass	zelensky	16
support	ukrainewar	4
support	ukraineunderattack	2
gb	ukraine	2
gb	ukrainewar	2
gb	ukraineunderattack	2
lavrov	rusia	4
lavrov	ukraina	4
nft	putin	4
bitcoin	russian	10
stpatricksday	ukrainecrisis	2
putinisawarcriminal	stopputinnow	10
poland	ukraineunderattack	28
romania	ukraineunderattack	24
poland	ukrainewar	32
romania	ukrainewar	24
poland	slavaukraini	24
romania	slavaukraini	24
poland	romania	40
romania	standwithukraine	24
tigraygenocide	ukrainecrisis	4
tigrayfamine	ukrainecrisis	4
closetheskyoverukraine	putinisawarcriminal	10
closetheskyoverukraine	slavaukraini	8
china	zelensky	6
putinwarcriminal	ukrainekrieg	26
boycottnestle	stopputinnow	10
usa	war	16
putinwarcrimes	russia	40
putinwarcrimes	ukraineunderattack	34
slovakia	weareallukrainians	2
slovakia	stopputinnow	2
russiainvadedukraine	stoprussia	8
moldova	putin	4
russianukrainianwar	ukraineinvasion	4
putinwarcriminal	russiaukraineconflict	6
russiaukrainewar	standwithukraine	76
istandwithukraine	stopputinnow	2
biden	uae	2
freeukraine	putinisawarcriminal	8
nestle	stoprussia	30
stoprussia	warcrimes	4
nestle	stopputin	2
nestle	warcrimes	8
freeukraine	putinwarcriminal	10
stoprussia	supportukraine	2
putinhitler	putinwarcrimes	16
anonymous	putinisawarcriminal	6
anonymous	russianarmy	6
putinisawarcriminal	russianarmy	10
freeukraine	putinswar	8
ukraineinvasion	zelensky	6
mykolaiv	ukraina	6
russiainvadedukraine	ukraina	6
anonymous	ukrainewar	10
anonymous	zelensky	6
anonymous	ukrainerussiawar	12
ukrainian	zakharova	76
china	uzbekistan	2
putinwarcriminal	warcrimes	38
france	us	6
germany	us	4
germany	nato	24
india	usa	20
india	nato	6
odessa	putin	16
putinwarcriminal	russiainvadedukraine	12
putinhitler	russiainvadedukraine	4
europe	poland	48
usa	warinukraine	8
breaking	usa	4
news	warinukraine	4
breaking	war	12
breaking	news	18
odesa	russland	6
russianukrainianwar	russland	6
odesa	russianukrainianwar	8
china	ukraina	2
nato	slovakia	8
poland	ukraina	4
lviv	stopwar	2
rusia	russiaukrainewar	4
nowar	ukrainerussiawar	42
russian	stopputinnow	2
russian	stopwarinukraine	2
news	odessa	4
putinhitler	stopputinnow	18
bundestag	germany	16
stoprussia	ukrainecrisis	2
nato	russiaukraineconflict	18
ukraina	warinukraine	16
ukraineinvasion	ukrainian	12
china	usa	32
melitopol	russia	6
putinswar	ukraineunderattack	14
trump	ukrainecrisis	2
breaking	putin	6
btc	nft	996
russianukrainianwar	war	4
ireland	kiev	2
ireland	ukraina	2
guerra	news	2
news	ukraina	2
nowar	usa	4
nowar	zelensky	12
eu	putinwarcriminal	4
eu	nowar	4
bitcoin	moscow	2
cryptocurrency	moscow	2
cryptocurrency	russian	4
putinwarcriminal	warinukraine	10
stopputinnow	stoprussianaggression	14
putinhitler	russiaukrainewar	12
putinhitler	war	2
putin	russie	6
russiainvadedukraine	russiaukraineconflict	4
nftart	nftcollection	382
russianukrainianwar	ue	2
russia	stoprussianaggression	10
putinswar	stoprussianaggression	2
putinisawarcriminal	stoprussianaggression	4
russianarmy	warinukraine	12
donetsk	ukrainerussiawar	10
donbass	ukrainerussiawar	12
belarus	mariupol	6
bitcoin	mariupol	2
anonymous	belarus	2
belarus	breaking	20
belarus	bitcoin	2
anonymous	bitcoin	2
bitcoin	breaking	2
morningjoe	ukrainerussiawar	2
morningjoe	putinisawarcriminal	2
putinisawarcriminal	zelensky	10
eu	zelensky	20
bundestag	stpatricksday	2
mariupol	us	2
us	warcrimes	4
nato	news	8
germany	ukrainian	4
covid19	ukrainewar	6
marioupol	russia	8
marioupol	putin	6
marioupol	russian	2
russland	ukrainecrisis	2
peace	russian	16
icj	ukrainecrisis	12
icj	nato	14
kherson	mykolaiv	4
mykolaiv	russia	4
stoprussianaggression	warinukraine	2
moscow	war	2
icj	un	6
kremlin	putinisawarcriminal	4
freeukraine	kremlin	4
israel	usa	10
istandwithukraine	putinisawarcriminal	6
closetheskyoverukraine	istandwithukraine	12
putinwarcriminal	war	10
putinswar	war	12
putinwarcrimes	war	4
nato	romania	6
syria	uk	2
trump	usa	4
sumy	ukraineunderattack	60
russiaukrainewar	sumy	58
sumy	warcrimes	58
ukraineunderattack	warcrimes	70
russiaukrainewar	warcrimes	60
eeuu	kremlin	6
nowar	stopwarinukraine	4
closetheskyoverukraine	ukrainewar	12
news	russian	12
russiaukraineconflict	un	4
russiaukrainewar	un	4
belarus	russiaukraineconflict	2
freeukraine	warinukraine	6
europe	zelensky	10
breaking	nato	6
crypto	ukrainian	8
nftcollection	ukraina	10
guerra	nato	16
guerra	ue	8
kharkiv	ukraineunderattack	16
freeukraine	ukrainewar	8
france	russiainvadedukraine	2
biden	eu	14
russie	sudradio	2
china	peace	2
peace	usa	2
sbu	ukrainian	2
support	zelensky	2
support	war	4
russia	support	8
russiainvadedukraine	ukrainerussiawar	24
russianarmy	ukraineunderattack	26
peace	putinisawarcriminal	12
boycottnestle	standwithukraine	186
nestle	standwithukraine	52
putinwarcrimes	stopwarinukraine	6
eu	stopputinnow	2
johnsonout52	standwithukraine	8
deepfake	ukrainerussiawar	10
putinswar	stopputin	24
peace	un	2
refugees	ukraineunderattack	2
putinwarcriminal	refugees	2
refugees	ukrainewar	6
ireland	poland	10
eu	poland	24
france	poland	28
freeukraine	ireland	2
ireland	ukraineunderattack	10
putinwarcriminal	stopthewar	12
stoptigraygenocide	tigraygenocide	1325
tigray	tigraygenocide	12
belarus	zelensky	10
news	ukrainian	4
odessa	war	2
eu	war	28
bundestag	german	10
german	war	2
bundestag	war	2
china	istandwithukraine	2
guerra	odessa	2
morningjoe	russiaukrainewar	4
kiev	ukraineunderattack	18
odesa	russian	10
poland	ukraineinvasion	2
refugees	ukraineinvasion	4
putin	russiaukraineconflict	14
putinisawarcriminal	russiaukraineconflict	4
russiaukraineconflict	uk	4
ireland	russiaukraineconflict	4
german	russiaukraineconflict	4
russiaukraineconflict	usa	4
german	uk	4
german	ireland	4
german	usa	6
odessa	ukrainewar	2
putinswar	ukrainekrieg	4
russianarmy	stopwar	4
russianarmy	ukraina	14
russian	stopwar	22
stopwar	ukraineunderattack	30
nftcollection	ukraineunderattack	6
nato	putinwarcriminal	10
slavaukraini	stpatricksday	8
bundestag	ukrainewar	6
dimaio	russia	4
kharkiv	supportukraine	2
mariupol	supportukraine	2
nft	supportukraine	8
france	russian	4
china	france	6
europe	german	2
german	ukraina	2
germany	ukraina	2
europe	ukraina	52
odesa	ukraineunderattack	4
guerra	usa	4
ukraina	zakharova	2
breaking	kiev	10
bitcoin	news	4
chernihiv	kyiv	2
breaking	donetsk	4
breaking	donbass	6
donetsk	ukraineunderattack	6
donbass	ukraineunderattack	6
donetsk	kyiv	4
donbass	kyiv	4
donetsk	kiev	12
news	us	6
ukrainerussiawar	us	10
stpatricksday	ukrainian	36
covid19	uae	2
putinwarcrimes	russian	10
slavaukraini	ukraineinvasion	2
kyiv	ukraineinvasion	2
stopputin	ukrainecrisis	6
stoprussianaggression	ukrainecrisis	6
ukrainecrisis	warcrimes	6
stoprussianaggression	ukrainewar	12
stoprussianaggression	warcrimes	10
kremlin	rusia	6
kiev	russianarmy	4
macron	ue	4
france	ue	4
foxnews	ukraineunderattack	8
china	rusia	4
france	israel	2
un	zelensky	2
eu	icj	2
eu	kremlin	2
kremlin	nato	4
icj	zelensky	2
icj	kremlin	2
kremlin	zelensky	16
war	warcrimes	16
ukraina	warcrimes	10
poutine	ukraina	2
poutine	ukrainewar	2
crypto	ukrainewar	2
bitcoin	ukrainian	2
bitcoin	stopwar	2
cryptocurrency	stopwar	4
crypto	stopwar	2
bitcoin	stopthewar	2
cryptocurrency	stopthewar	2
crypto	stopthewar	2
morningjoe	putin	94
biden	eeuu	16
moldova	sumy	2
kiev	sumy	2
kiev	moldova	2
kharkiv	ukrainian	8
marioupol	poutine	6
closeuaskynow	russia	318
kherson	kyiv	10
kherson	odesa	2
kharkiv	kherson	18
supportukraine	ukrainewar	4
lviv	poland	6
lviv	refugees	2
poland	zelensky	10
melitopol	russiaukrainewar	6
covid19	france	26
kiev	macron	6
nft	russian	6
europe	supportukraine	4
crypto	russian	4
russianukrainianwar	stopputin	16
russianukrainianwar	zelensky	14
stoprussianaggression	zelensky	4
nato	stoprussianaggression	6
kremlin	kyiv	10
belarus	kremlin	6
kharkiv	kremlin	6
kremlin	odessa	6
belarus	kherson	6
belarus	kharkiv	6
kherson	zelensky	6
kherson	odessa	6
putinhitler	putinisawarcriminal	210
europe	guerra	8
goprussianassets	ukraineunderattack	8
ireland	standwithukraine	14
russie	uk	2
slavaukraini	uzbekistan	2
germany	stopwar	8
germany	stopthewar	8
france	freeukraine	2
france	ukraineunderattack	4
anonymous	france	2
anonymous	ukraineunderattack	4
kremlin	putinwarcriminal	8
melitopol	russian	10
europe	war	14
putinwarcrimes	warcrimes	8
news	uae	2
luhansk	mariupol	4
luhansk	russia	12
luhansk	ukrainian	2
actnow	tigraygenocide	6
stoprussianaggression	ukraineunderattack	2
istandwithukraine	warcrimes	4
breaking	moldova	14
breaking	eu	14
nestle	putin	672
nestle	ukrainian	648
bitcoin	ukrainewar	6
refugees	syria	2
myanmar	refugees	2
myanmar	syria	4
odessa	stoprussia	8
closetheskyoverukraine	odessa	4
odessa	stopputinnow	4
putinswar	warcrimes	4
putinswar	warinukraine	2
stopwarinukraine	zelensky	14
nato	stopwarinukraine	2
russianukrainianwar	stopwarinukraine	2
belarus	stopthewar	4
stopthewar	ukraineunderattack	10
belarus	war	26
russian	slavaukraini	10
odessa	putinwarcriminal	6
odessa	slavaukraini	2
stpatricksday	ukrainewar	2
russianukrainianwar	warinukraine	8
peace	rusia	2
nowar	poutine	2
nowar	russie	2
afp	nowar	2
peace	zelensky	2
afp	zelensky	2
peace	poutine	2
afp	poutine	2
peace	russie	2
afp	russie	2
afp	peace	2
odesa	ukrainerussiawar	28
refugees	uk	34
news	putinwarcriminal	4
stopthewar	stpatricksday	4
stopwar	stpatricksday	2
kyiv	russiainvadedukraine	6
bitcoin	ukraineunderattack	24
ukraina	uzbekistan	2
uzbekistan	war	2
kharkiv	uzbekistan	2
syria	war	16
syria	ukraina	12
donbass	stopwar	2
anonymous	war	4
nftart	stopthewar	2
putinwarcrimes	usa	2
putinwarcrimes	stoprussia	6
putinwarcrimes	russiaukraineconflict	4
closetheskyoverukraine	russiainvadedukraine	66
china	covid19	6
btc	cryptocurrency	6
odessa	ukrainerussiawar	16
odessa	russiaukraineconflict	6
ue	us	2
poland	us	4
ukraina	us	2
poland	ue	2
kremlin	news	2
kremlin	warinukraine	4
kremlin	war	6
german	kyiv	2
german	stopwar	2
german	ukrainian	12
russiaukrainewar	stopwar	10
nato	ukraineinvasion	4
stopwar	ukraineinvasion	4
abbvie	kremlin	4
boycottnestle	stoprussia	6
boycottnestle	ukraine	154
russiaukraineconflict	standwithukraine	6
nestle	stopputinnow	16
nestle	russianukrainianwar	20
russianukrainianwar	stopputinnow	8
poland	slovakia	10
moldova	poland	6
romania	slovakia	6
moldova	slovakia	6
russian	uzbekistan	4
kremlin	moscow	14
news	trump	14
uk	un	24
moscow	un	2
foxnews	un	2
donbass	un	2
foxnews	uk	2
donbass	uk	2
foxnews	moscow	2
donbass	moscow	8
donbass	foxnews	2
un	zakharova	208
trump	war	6
russiaukraineconflict	zelensky	12
eu	rusia	4
crypto	nftart	6
foxnews	trump	4
russia	syrian	684
ukraina	ukrainecrisis	8
moscow	ukraina	6
moscow	ukrainecrisis	2
donbass	ukrainecrisis	2
minsk	ukraine	6
minsk	ukraineunderattack	6
nftcollection	ukrainerussiawar	14
kharkiv	kiev	12
kiev	poland	4
kharkiv	poland	2
mariupol	poland	2
putinswar	russland	2
ukrainecrisis	ukraineinvasion	12
ukraina	ukraineinvasion	4
israel	ukrainewar	2
macron	poutine	22
morningjoe	ukrainian	6
putin	slavaukraini	8
russia	slavaukraini	16
odessa	usa	4
lviv	usa	2
sumy	war	2
mykolaiv	ukrainian	4
lavrov	mariupol	4
russiaukraineconflict	stopputinnow	2
india	ukraineunderattack	4
flagnetwork	whitelist	2
cryptocurrency	whitelist	2
nestle	warinukraine	6
nestle	putinwarcriminal	2
kiev	putinswar	2
kiev	peace	4
peace	putinswar	2
fkptn	stoprussia	4
stopwarinukraine	supportukraine	4
goprussianassets	ukrainewar	2
russiaukrainewar	trump	2
romania	stoprussia	6
istandwithukraine	romania	6
syrian	ukraineunderattack	2
syrian	ukrainerussiawar	2
standwithukraine	syrian	2
putinswar	stoprussia	6
france	stoprussia	2
france	istandwithukraine	2
germany	stoprussia	2
germany	istandwithukraine	2
german	moscow	2
boycottnestle	russia	6
botox	putin	4
boycottnestle	zelensky	2
boycottnestle	putinwarcriminal	2
europe	warcrimes	4
biden	europe	6
belarus	ukraineinvasion	4
belarus	ukrainecrisis	4
russia	uzbekistan	12
putinwarcriminal	trump	2
putinwarcrimes	trump	2
morningjoe	ukraine	24
russiaukraineconflict	war	16
kiev	russiaukraineconflict	18
kyiv	russiaukraineconflict	14
closetheskyoverukraine	war	2
melitopol	ukraina	6
melitopol	warinukraine	2
melitopol	war	2
putinisawarcriminal	russiainvadedukraine	10
slavaukraini	ukrainian	4
ukraineinvasion	un	2
dimaio	ukraineunderattack	2
dimaio	russianukrainianwar	2
kiev	russianukrainianwar	16
peace	stopthewar	10
poutine	putin	8
ukraineinvasion	warinukraine	2
ukrainecrisis	warinukraine	2
istandwithukraine	putinswar	4
nowar	stopthewar	22
istandwithukraine	ukrainian	2
russiaukraineconflict	ukraina	16
rusia	war	6
kherson	stopwar	2
kherson	stopwarinukraine	2
stopwarinukraine	war	2
stopwarinukraine	warinukraine	2
nft	zelensky	2
nftart	zelensky	2
news	russiaukraineconflict	2
germany	ukrainerussiawar	14
biden	ukraineinvasion	8
ukraineinvasion	warcrimes	8
goprussianassets	putinwarcriminal	12
icj	ukraineinvasion	2
ukraineunderattack	us	10
afp	luhansk	8
moscow	russianarmy	2
ukraina	ukrainekrieg	2
biden	china	28
istandwithukraine	mariupol	2
syria	trump	2
belarusian	breaking	16
belarusian	ukraine	34
breaking	uk	2
russianarmy	war	8
mykolaiv	putinswar	2
china	israel	10
bitcoin	odessa	6
russiaukrainewar	uk	2
marioupol	zelensky	2
kiev	marioupol	6
kyiv	marioupol	4
biden	deepfake	2
bitcoin	kiev	2
btc	kiev	4
afp	nato	2
luhansk	nato	2
belarus	ukraina	8
belarus	putinhitler	8
kherson	ukrainewar	2
kherson	ukrainecrisis	2
biden	stopwar	2
russiaukraineconflict	stopputin	2
russianarmy	ukrainewar	14
russiaukrainewar	stopputinnow	4
russianarmy	stopputinnow	2
moldova	russian	4
boycottnestle	stopputin	10
biden	ukrainian	4
russia	stopwarinukraine	6
russiainvadedukraine	stopwarinukraine	2
russiainvadedukraine	stopputinnow	4
putinwarcrimes	russiainvadedukraine	10
russiainvadedukraine	stopputin	10
istandwithukraine	johnsonout52	20
mcispo	nft	978
muntot	nft	978
btc	mcispo	978
mcispo	muntot	978
btc	muntot	978
covid19	macron	18
putinwarcrimes	russiaukrainewar	8
moscow	russianukrainianwar	2
stopwar	uk	6
biden	foxnews	2
stopwarinukraine	ukraina	2
putinwarcriminal	russland	4
mykolaiv	stoprussia	6
biden	rusia	20
china	moscow	8
kyiv	uae	2
uae	war	2
china	putinswar	4
putinswar	us	4
guerra	russiaukraineconflict	2
russiainvadedukraine	russianukrainianwar	8
kiev	odesa	6
afp	us	2
afp	china	2
moscow	peace	2
russiainvadedukraine	ukraineinvasion	10
stopthewar	zelensky	6
russland	warinukraine	4
stopthewar	warinukraine	6
biden	breaking	4
news	russianukrainianwar	2
biden	russianukrainianwar	26
russiaukraineconflict	ukraineinvasion	6
china	ukrainecrisis	4
putinhitler	warinukraine	4
breaking	india	2
india	war	2
china	odessa	2
kremlin	russian	6
polish	ukraine	2
biden	kiev	24
cryptocurrency	ukrainerussiawar	6
kyiv	putinwarcriminal	4
lviv	putinwarcriminal	4
ukraineinvasion	us	2
donbass	guerra	2
donetsk	guerra	2
uk	ukraineunderattack	8
kyiv	stoprussianaggression	4
kiev	stopputinnow	4
donetsk	stopputinnow	2
nft	stopwarinukraine	2
freeukraine	nft	2
tigray	us	6
eu	tigray	6
mariupol	russianarmy	6
ukraineinvasion	war	4
stoprussia	ukraineinvasion	8
germany	warcrimes	2
bundestag	ukrainian	4
belarus	kiev	8
russianukrainianwar	update	6
belarusian	moscow	16
russiaukrainewar	stopthewar	2
macron	nato	2
azov	macron	2
kharkiv	stoprussia	2
closetheskyoverukraine	warcrimes	2
germany	ukraineunderattack	4
putinhitler	stopthewar	6
macron	russie	6
belarus	minsk	6
russiainvadedukraine	war	2
ukrainecrisis	war	2
russiainvadedukraine	ukrainecrisis	2
refugees	russiainvadedukraine	2
refugees	ukrainecrisis	2
eu	kiev	14
icj	war	2
donbass	russiaukrainewar	2
donetsk	russiaukrainewar	2
tigray	ukrainian	2
slavaukraini	war	6
istandwithukraine	ukraineinvasion	4
marioupol	ukrainewar	4
marioupol	ukraineunderattack	14
nowar	russland	2
covid19	russiaukraineconflict	2
stopthewar	ukraina	6
rusia	ukraineunderattack	6
support	supportukraine	8
nowar	ukraineinvasion	2
icj	ukrainewar	2
icj	kyiv	2
smartnews	ukraine	8
russia	stpatricksday	8
stoprussia	stpatricksday	6
china	kiev	4
odesa	ukrainian	2
rusia	warinukraine	2
rusia	ukrainewar	2
russianukrainianwar	warcrimes	4
russiaukraineconflict	warcrimes	2
russiaukraineconflict	warinukraine	2
russian	russiaukraineconflict	2
foxnews	usa	2
lavrov	russie	2
kharkiv	putinhitler	118
putinhitler	russianarmy	122
stoprussianaggression	stopthewar	14
kiev	putinhitler	10
moscow	ukraineunderattack	4
freeukraine	moscow	2
moscow	putinwarcriminal	4
romania	ukraina	18
supportukraine	ukraina	6
stpatricksday	ukraineinvasion	2
israel	putin	10
nowar	russiaukrainewar	2
tigray	tigrayfamine	4
donetsk	war	2
luhansk	stoprussia	2
donetsk	russie	4
donetsk	poutine	4
donetsk	zelensky	10
mariupol	refugees	2
ireland	israel	2
ireland	ukrainerussiawar	4
europe	india	2
europe	lviv	4
biden	update	2
update	war	4
rusia	ue	2
mariupol	moscow	2
slavaukraini	ukraina	4
china	stoprussia	20
china	stopputin	20
china	stopputinnow	20
stpatricksday	ukraina	6
odesa	rusia	6
odesa	ukraina	16
china	russland	4
closetheskyoverukraine	stopwar	6
russianarmy	stoprussia	4
belarus	russianarmy	4
nato	russianarmy	8
stoprussianaggression	ukraina	6
nato	putinhitler	4
belarus	stoprussianaggression	4
russianarmy	syria	4
moldova	russianarmy	2
moldova	syria	2
goprussianassets	standwithukraine	6
stoptigraygenocide	tigrayfamine	1323
refugees	russian	2
russiaukrainewar	us	38
kharkiv	russiaukraineconflict	2
kherson	ukraina	20
chernihiv	ukraineunderattack	4
closetheskyoverukraine	eu	2
closetheskyoverukraine	usa	2
eu	stoprussia	4
stoprussia	usa	6
germany	ukrainewar	2
stopwar	syria	2
melitopol	ukrainian	4
melitopol	russianukrainianwar	4
kremlin	russiainvadedukraine	2
kremlin	russianukrainianwar	2
boycottnestle	warcrimes	2
boycottnestle	putin	12
sbu	ukraine	8
mariupol	news	4
news	putinswar	10
lavrov	news	2
putinwarcriminal	ukraineinvasion	10
kremlin	ukraineinvasion	4
kremlin	ukraineunderattack	4
nft	warinukraine	4
putin	russiainvadedukraine	2
russland	ukrainerussiawar	6
uk	update	2
uk	war	24
putinhitler	slavaukraini	2
stoprussianaggression	supportukraine	2
russian	stoprussianaggression	2
nftart	putinwarcriminal	2
syria	warcrimes	2
azov	warcrimes	2
belarus	warcrimes	2
belarus	usa	2
azov	syria	2
belarus	syria	2
azov	belarus	2
kherson	stoprussia	2
closetheskyoverukraine	warinukraine	2
closetheskyoverukraine	stopwarinukraine	2
nft	stpatricksday	4
nft	peace	8
russia	supportukraine	6
news	supportukraine	6
news	support	6
france	ukrainerussiawar	4
france	kiev	2
france	marioupol	2
marioupol	nato	2
nato	poutine	2
biden	russiaukraineconflict	6
anonymous	putinhitler	2
nestle	russian	16
russiaukrainewar	syria	4
mariupol	uk	2
mykolaiv	warcrimes	2
boycottnestle	ukrainekrieg	2
china	putinwarcriminal	12
india	putinwarcriminal	12
slavaukraini	stoprussianaggression	4
israel	standwithukraine	2
stopputin	ukraineinvasion	6
nestle	russland	62
europe	putinwarcriminal	2
europe	putinswar	2
deepfake	ukraina	2
refugees	un	26
refugees	warinukraine	6
un	warinukraine	4
azov	eu	4
eu	ukrainian	4
france	ukrainian	4
lavrov	uae	6
putin	supportukraine	4
russianukrainianwar	supportukraine	2
russianukrainianwar	uzbekistan	6
icj	russianukrainianwar	4
moscow	putinhitler	2
biden	putinhitler	2
putinhitler	ue	2
support	ukrainerussiawar	2
putinwarcriminal	russianarmy	6
slavaukraini	stopwarinukraine	2
slavaukraini	stopwar	8
ukrainekrieg	warcrimes	4
icj	putin	2
cryptocurrency	russianukrainianwar	2
russiainvadedukraine	warcrimes	2
cryptocurrency	russiainvadedukraine	2
cryptocurrency	warcrimes	2
china	russianukrainianwar	4
india	putin	2
israel	zelensky	6
putinwarcriminal	supportukraine	4
china	eu	14
europe	mariupol	2
biden	russianarmy	2
israel	ukrainian	4
stpatricksday	tbt	8
biden	guerra	2
covid19	un	2
chernihiv	standwithukraine	198
chernihiv	putinhitler	198
donbass	kherson	2
luhansk	ukraineunderattack	2
russia	whitelist	8
india	ukrainian	2
eeuu	zelensky	10
bundestag	stopwar	6
bundestag	stopputin	6
freeukraine	ukraineinvasion	2
covid19	ukraineunderattack	8
slovakia	ukrainian	2
polish	russia	4
polish	russiaukrainewar	4
polish	russian	4
eu	polish	4
polish	slovakia	4
russia	slovakia	4
eu	russiaukrainewar	4
russiaukrainewar	slovakia	2
russian	slovakia	2
eu	slovakia	2
nft	stoprussianaggression	2
cryptocurrency	putin	4
china	lavrov	10
breaking	crypto	2
breaking	cryptocurrency	2
chernihiv	putinisawarcriminal	196
nato	odessa	8
eeuu	syria	2
breaking	chernihiv	2
kherson	supportukraine	8
kherson	russiaukrainewar	2
russiaukrainewar	supportukraine	2
trump	ukraina	2
boycottnestle	russiainvadedukraine	2
nft	usa	2
myanmar	ukrainian	136
germany	india	6
france	india	4
stopwarinukraine	warcrimes	2
china	warcrimes	2
india	warcrimes	2
kyiv	nestle	2
mariupol	nestle	2
nestle	putinhitler	4
johnsonout52	nestle	2
boycottnestle	war	2
boycottnestle	russiaukrainewar	2
russian	ukrainecrisis	4
putinisawarcriminal	zakharova	2
putinswar	zakharova	2
kherson	kiev	4
syria	un	2
crypto	un	2
crypto	germany	2
germany	un	2
anonymous	stopputin	2
anonymous	kyiv	2
anonymous	stoprussianaggression	2
kiev	stoprussianaggression	2
putinswar	russianarmy	2
eu	syrian	2
putinwarcrimes	ukrainecrisis	4
putinwarcrimes	ukrainian	8
mykolaiv	stoprussianaggression	2
europe	russianukrainianwar	6
russland	standwithukraine	20
russland	war	18
refugees	standwithukraine	6
johnsonout52	refugees	2
supportukraine	zelensky	4
cryptocurrency	ukraineunderattack	2
putinwarcriminal	ukrainecrisis	2
boycottnestle	ukrainian	2
stoprussianaggression	ukrainerussiawar	4
putin	uzbekistan	2
ukrainewar	uzbekistan	2
foxnews	mariupol	4
us	warinukraine	2
china	warinukraine	6
icj	russiaukraineconflict	4
bundestag	russia	4
bundestag	guerra	2
stoprussianaggression	ukraineinvasion	2
russie	warcrimes	4
russie	warinukraine	2
marioupol	standwithukraine	2
marioupol	peace	2
foxnews	ukrainerussiawar	6
foxnews	ukrainewar	2
kyiv	news	4
breaking	sumy	2
news	sumy	2
kremlin	warcrimes	4
kiev	melitopol	4
kherson	melitopol	2
kherson	marioupol	2
kharkiv	marioupol	2
marioupol	melitopol	2
putinswar	trump	10
breaking	poland	4
putin	romania	2
romania	russian	2
slavaukraini	ukrainekrieg	2
uae	uk	2
mariupol	rusia	14
kharkiv	putinwarcriminal	6
cryptocurrency	russianarmy	2
putinhitler	ukrainian	2
freeukraine	putinhitler	4
anonymous	russianukrainianwar	2
mariupol	putinwarcrimes	2
belarus	china	6
belarus	eu	24
belarus	uk	24
belarus	un	22
belarus	refugees	22
china	uk	6
china	un	6
china	refugees	6
nato	refugees	22
refugees	us	22
un	war	22
chernihiv	warcrimes	4
anonymous	stoprussia	2
ireland	russiainvadedukraine	6
freeukraine	peace	6
boycottnestle	putinisawarcriminal	6
boycottnestle	putinwarcrimes	4
putinswar	russiainvadedukraine	8
putinisawarcriminal	syria	2
boycottnestle	stoprussianaggression	2
nowar	warinukraine	4
stopputinnow	war	2
russland	ukraineunderattack	4
biden	btc	4
tigray	un	2
tigraygenocide	un	2
johnsonout52	stopthewar	2
china	trump	2
anonymous	kremlin	6
russiainvadedukraine	syria	2
donbass	war	6
nato	trump	4
putinwarcrimes	ukraina	6
breaking	luhansk	2
luhansk	ukraina	6
kyiv	luhansk	2
luhansk	putin	4
china	ukrainian	4
europe	us	6
poland	ukrainecrisis	2
belarus	poland	4
chernihiv	ukrainewar	4
biden	lviv	2
lviv	ukraina	6
lviv	rusia	2
marioupol	stopthewar	2
macron	marioupol	2
macron	ukraineunderattack	4
macron	stopthewar	2
uk	ukrainewar	2
refugees	stopwar	2
putin	refugees	2
chernihiv	war	4
crypto	kiev	2
btc	kyiv	2
crypto	kyiv	2
btc	ukrainerussiawar	2
crypto	ukrainerussiawar	4
btc	russianukrainianwar	2
crypto	russianukrainianwar	2
biden	crypto	2
china	europe	8
chernihiv	ukraina	4
donbass	rusia	4
germany	trump	2
news	stoprussia	2
peace	russiaukrainewar	4
news	russiaukrainewar	6
news	stopputin	2
news	standwithukraine	2
news	peace	2
nowar	slavaukraini	2
nft	ukraina	16
planesforukraine	stoprussia	2
ireland	stopputin	2
ireland	russiaukrainewar	2
china	german	2
putinisawarcriminal	russiaukrainewar	8
putinisawarcriminal	stopwar	8
bundestag	ukraineunderattack	2
india	us	2
india	poland	2
europe	russianarmy	4
putinisawarcriminal	russianukrainianwar	4
france	nestle	4
donbass	eu	12
russiaukraineconflict	update	2
rusia	update	2
ukraina	update	2
rusia	russiaukraineconflict	4
india	zelensky	2
kremlin	odesa	2
eeuu	mariupol	2
russianarmy	ukrainekrieg	2
russianarmy	russland	2
russland	ukrainewar	2
russianukrainianwar	stopthewar	2
planesforukraine	slavaukraini	4
germany	putinswar	2
crypto	uae	2
nowar	putinisawarcriminal	4
kremlin	poland	2
syria	ukrainian	2
foxnews	kremlin	128
cryptocurrency	russiaukrainewar	2
putinwarcrimes	zelensky	4
nft	war	4
stpatricksday	uk	2
breaking	europe	2
germany	kyiv	10
germany	mariupol	12
dimaio	kiev	4
kiev	stopthewar	4
russiaukraineconflict	stopthewar	2
ukraineunderattack	uzbekistan	2
putinwarcrimes	uzbekistan	2
goprussianassets	ukraine	2
goprussianassets	poland	2
johnsonout52	ukraine	2
johnsonout52	putinisawarcriminal	2
putinwarcriminal	rusia	4
putinhitler	rusia	4
covid19	warcrimes	2
putinwarcrimes	stopthewar	2
putinhitler	stopwar	2
johnsonout52	zelensky	2
lavrov	ukrainewar	2
lavrov	warcrimes	2
johnsonout52	stoprussia	16
closeuaskynow	rusia	8
covid19	warinukraine	6
poutine	russia	6
poutine	russian	2
lviv	peace	2
kharkiv	russiainvadedukraine	2
russian	stpatricksday	4
bundestag	ukrainerussiawar	4
peace	putinwarcriminal	2
stoprussianaggression	ukrainian	6
planesforukraine	ukrainian	6
planesforukraine	stoprussianaggression	6
nestle	russiainvadedukraine	2
planesforukraine	stopputin	2
syrian	ukrainian	2
closetheskyoverukraine	ukraineinvasion	2
eeuu	ue	2
crypto	putin	4
btc	ukraina	2
bitcoin	ukraina	2
kharkiv	ukrainecrisis	2
kharkiv	luhansk	2
luhansk	lviv	2
kherson	lviv	2
lviv	russian	2
kherson	mariupol	2
kherson	luhansk	2
closetheskyoverukraine	stoprussianaggression	2
chernihiv	us	12
breaking	un	2
kyivdiary	mariupol	2
kyiv	supportukraine	2
macron	ukrainewar	2
marioupol	putinwarcrimes	2
nft	nowar	6
nato	update	2
breaking	icj	2
breaking	moscow	2
icj	moscow	2
kiev	sbu	2
kiev	kremlin	2
syria	us	8
nato	slavaukraini	2
india	standwithukraine	2
istandwithukraine	kiev	2
istandwithukraine	kyiv	2
goprussianassets	putinisawarcriminal	4
kharkiv	russiaukrainewar	6
kyiv	nowar	2
kiev	nowar	2
planesforukraine	russiaukrainewar	2
planesforukraine	ukrainerussiawar	2
standwithukraine	tigraygenocide	2
goprussianassets	putinwarcrimes	6
chernihiv	russiaukrainewar	2
supportukraine	ukraineinvasion	2
belarusian	polish	684
belarusian	minsk	684
minsk	polish	684
kyiv	putinwarcrimes	2
china	kremlin	2
azov	war	2
russie	stopthewar	4
cryptocurrency	support	2
germany	odessa	2
breaking	russiaukrainewar	8
putinwarcrimes	ukrainewar	2
russland	warcrimes	2
nftcollection	war	2
germany	macron	2
crypto	stpatricksday	2
breaking	syrian	2
kremlin	syrian	2
nftcollection	russia	2
minsk	zelensky	8
donbass	minsk	8
planesforukraine	ukraine	4
freeukraine	odessa	2
russland	ukraina	2
peace	stopputinnow	2
mariupol	peace	2
putinisawarcriminal	stopthewar	2
freeukraine	russian	4
melitopol	slavaukraini	2
russianarmy	slavaukraini	4
freeukraine	slavaukraini	2
melitopol	russianarmy	2
freeukraine	melitopol	2
biden	donetsk	2
azov	zelensky	12
breaking	israel	2
planesforukraine	war	4
planesforukraine	russia	4
putinswar	stopputinnow	2
guerra	ukraineunderattack	6
guerra	russiaukrainewar	6
kherson	stoprussianaggression	2
nowar	warcrimes	2
nowar	war	2
ireland	stopwar	2
nowar	ukrainian	2
anonymous	boycottnestle	2
anonymous	nestle	2
minsk	poland	2
breaking	minsk	2
macron	war	2
boycottnestle	supportukraine	2
standwithukraine	trump	2
russianarmy	stopputin	2
stopputin	syria	2
belarusian	stopwar	2
bitcoin	putinwarcriminal	2
closetheskyoverukraine	ukraina	4
kyiv	lavrov	2
israel	rusia	4
eu	warinukraine	2
europe	stopwar	2
europe	peace	2
ukrainekrieg	ukrainian	2
foxnews	nato	2
donbass	us	2
stopputinnow	ukraina	2
stopputinnow	ukrainecrisis	2
stopwar	ukrainecrisis	2
luhansk	russianarmy	2
putinhitler	ukraineinvasion	4
poutine	stopputin	2
poutine	stoprussianaggression	2
russie	stopputin	2
russie	stoprussianaggression	2
azov	poland	2
rusia	stopwar	2
eu	supportukraine	2
nato	supportukraine	2
closetheskyoverukraine	peace	2
rusia	russiainvadedukraine	2
rusia	ukrainian	2
putinwarcrimes	rusia	2
russiainvadedukraine	russiaukrainewar	2
russiainvadedukraine	ukrainian	2
kharkiv	slavaukraini	4
belarus	romania	2
romania	us	2
romania	un	2
romania	war	4
closetheskyoverukraine	supportukraine	2
ue	un	2
nato	rusia	2
europe	israel	4
ireland	stopthewar	2
german	ukrainerussiawar	2
nowar	rusia	2
odesa	stoprussia	2
nowar	russiainvadedukraine	2
moscow	putinwarcrimes	2
israel	moscow	2
israel	kyiv	2
news	poutine	2
poutine	russiaukrainewar	2
kyiv	putinisawarcriminal	2
france	uae	2
kyiv	stopputinnow	2
stopwar	tbt	4
putinisawarcriminal	tbt	4
closetheskyoverukraine	nowar	2
germany	nestle	2
ireland	nestle	2
eu	nestle	2
nestle	uk	2
stopthewar	stoptigraygenocide	2
standwithukraine	uzbekistan	2
putinisawarcriminal	uzbekistan	2
putinswar	uzbekistan	2
belarus	putinwarcrimes	2
belarusian	ukraineunderattack	2
belarusian	putinwarcrimes	2
putinisawarcriminal	ukraineinvasion	2
moscow	stopwar	2
moscow	zelensky	4
kiev	moscow	2
israel	ukrainecrisis	2
breaking	standwithukraine	2
breaking	stoprussia	2
breaking	stopthewar	2
breaking	stpatricksday	2
slavaukraini	warcrimes	2
marioupol	warcrimes	2
marioupol	slavaukraini	2
donbass	russianukrainianwar	2
kharkiv	ue	4
stpatricksday	usa	2
putinswar	russiaukraineconflict	2
nft	ukrainewar	2
